w57,w58,w59,w60,g1,g2,h
309,594,54,698,277,886,609
309,809,822,103,563,23,484
309,828,604,423,769,616,871
310,477,913,139,981,409,452
310,477,913,140,982,410,452
312,454,696,683,934,666,756
312,979,400,215,808,74,290
312,979,400,733,302,592,290
316,980,178,144,625,313,712
317,132,13,636,818,970,152
317,691,774,303,418,726,308
319,329,390,333,323,464,141
320,498,46,468,522,472,974
320,712,489,796,740,1007,267
320,731,914,752,486,919,433
322,155,773,452,139,328,189
323,154,400,790,429,22,617
323,376,46,437,672,582,934
323,629,303,800,776,336,584
324,262,14,587,843,651,832
324,262,14,840,72,904,832
324,982,969,468,917,212,319
325,989,621,240,98,664,566
326,263,822,84,292,714,422
326,873,400,815,240,951,711
329,904,464,751,664,250,610
330,382,400,811,182,681,499
331,433,153,65,192,254,62
332,192,914,191,558,166,632
332,250,805,650,795,149,378
332,914,178,144,796,865,69
334,47,38,965,573,148,599
335,376,153,580,815,114,323
335,625,178,646,686,990,304
336,405,177,709,137,72,959
336,808,177,25,437,988,551
337,618,852,330,799,800,1
337,633,223,894,37,718,681
337,762,38,25,258,978,720
338,578,38,965,286,501,215
344,308,914,763,668,280,636
345,5,661,897,29,1021,992
345,985,400,310,1000,155,179
346,140,621,463,516,609,93
346,742,255,465,125,374,249
347,329,64,800,790,898,108
348,993,400,833,625,768,143
349,266,913,753,688,864,176
349,333,275,757,811,971,160
349,589,428,448,554,94,564
351,395,390,177,82,928,846
357,65,913,960,273,143,894
358,983,138,929,306,425,119
359,370,153,765,841,39,222
362,45,89,914,426,303,901
362,976,84,429,974,1011,37
363,996,313,764,476,157,705
365,200,913,753,737,857,120
369,206,275,994,50,547,497
369,548,369,408,135,957,822
369,970,678,568,572,289,741
370,583,390,233,434,689,255
371,774,388,953,113,582,469
372,256,813,392,744,32,312
372,842,922,252,234,741,507
373,807,153,330,1013,269,280
373,810,138,350,858,254,420
374,249,554,265,490,643,153
374,269,534,1013,36,227,191
374,529,716,809,331,594,263
376,935,390,706,343,965,622
377,156,913,486,285,229,968
378,640,773,954,248,418,170
378,989,914,861,719,685,990
381,491,905,6,429,262,857
383,848,297,655,158,776,618
383,915,411,950,530,1014,484
384,886,814,916,840,597,781
390,573,681,977,303,410,107
390,666,914,206,941,340,423
391,26,778,532,189,480,291
391,212,13,200,629,168,563
391,311,13,973,926,24,122
392,271,14,910,989,277,312
393,324,661,735,900,441,565
393,324,661,755,920,461,565
393,485,813,35,747,211,488
394,175,914,206,856,557,725
394,217,151,479,189,1002,813
396,80,954,733,352,111,783
396,144,105,789,397,657,260
397,398,84,612,725,622,921
400,49,922,97,182,550,368
400,293,13,731,398,197,823
402,482,53,56,880,178,322
403,562,913,6,83,668,585
405,581,840,757,990,289,323
406,26,627,671,328,753,425
406,787,681,977,567,940,373
409,774,115,777,961,365,428
821,988,13,90,956,818,886
821,988,13,122,988,850,886
822,152,914,668,403,124,745
822,816,230,522,547,71,548
823,602,400,639,347,603,256
823,858,914,789,517,918,401
824,171,914,558,1016,897,905
824,925,315,332,199,917,718
825,4,537,828,8,792,784
825,305,551,166,279,144,889
825,531,13,489,107,305,198
825,531,178,459,77,955,878
825,531,178,523,141,1019,878
826,173,914,539,69,524,455
827,83,534,759,298,795,497
829,478,89,12,902,967,65
832,688,145,617,684,708,24
835,865,913,105,939,140,225
836,521,390,777,684,493,833
836,786,400,789,395,161,790
837,967,442,538,685,949,264
838,794,553,995,728,507,803
840,50,400,262,299,19,744
840,237,400,930,453,752,299
841,596,886,982,465,913,448
841,712,537,1009,953,499,570
843,125,177,802,49,530,481
843,374,814,324,336,722,386
845,10,13,590,505,866,361
846,159,230,238,117,112,1019
847,679,792,82,771,703,956
847,899,922,59,405,825,420
847,899,922,829,151,571,420
848,259,177,158,430,112,706
851,1013,411,836,818,696,902
852,300,329,759,283,949,666
854,646,553,981,115,294,179
854,865,534,316,126,667,541
855,782,46,411,466,212,770
855,852,537,732,171,357,186
856,741,14,8,740,600,884
857,482,512,620,420,55,659
857,990,710,583,393,714,321
858,374,534,316,328,933,605
858,922,13,818,573,266,717
860,180,14,578,509,657,148
860,420,46,269,922,593,695
860,638,13,959,214,502,288
860,805,455,186,965,513,572
861,154,177,813,452,110,682
862,479,14,583,433,186,777
864,741,914,417,125,318,193
865,684,177,813,431,459,28
867,216,13,276,2,213,211
867,812,89,123,727,807,80
868,842,455,174,156,50,918
869,672,177,394,203,245,42
870,799,537,107,912,630,742
872,194,390,187,458,118,684
873,637,14,990,325,607,282
873,992,261,687,463,370,931
875,109,303,1001,502,120,642
876,1018,14,342,595,744,149
877,961,428,118,425,490,65
878,481,287,253,133,719,586
878,583,455,956,133,688,555
879,101,303,590,220,406,186
879,231,33,448,196,544,348
879,499,153,191,229,333,104
881,265,954,496,479,809,330
886,647,559,42,216,495,279
887,1011,662,886,964,776,836
889,682,773,531,1013,55,66
890,453,914,180,383,636,253
890,508,774,38,315,75,784
891,994,178,725,597,423,850
892,799,303,493,274,385,111
893,80,716,215,858,903,45
893,180,914,891,822,691,893
893,401,369,360,1004,336,356
895,1016,913,1015,148,626,478
897,692,536,319,322,468,146
898,127,363,113,480,47,591
898,195,83,172,491,156,689
899,523,913,119,122,402,280
900,146,935,297,833,281,472
900,296,136,437,921,658,761
901,759,681,743,673,876,203
902,761,681,849,1002,975,997
903,637,914,536,895,360,489
903,760,813,600,801,445,668
904,108,553,11,584,591,7
907,170,814,291,701,247,570
907,373,813,602,534,125,615
907,925,619,293,160,449,289
908,568,914,809,983,557,598
911,428,390,496,1022,600,602
911,611,813,800,678,740,62
912,41,315,549,1021,563,566
912,616,390,230,667,825,158
914,129,369,209,567,303,760
914,202,24,1008,896,488,616
914,459,13,631,547,275,752
915,143,303,135,268,663,395
915,698,813,185,413,726,313
916,569,55,1014,148,574,426
917,715,662,281,273,635,362
918,595,681,865,492,305,837
919,678,315,125,798,891,93
921,91,396,713,381,950,569
921,770,369,190,566,525,983
1,252,914,180,485,337,876
1,1000,813,98,513,108,619
2,466,400,708,253,904,651
2,808,656,987,375,417,42
2,879,235,741,262,436,174
2,919,652,138,550,459,933
3,964,913,249,476,61,609
4,76,813,411,477,485,8
5,1005,813,658,257,635,378
7,307,813,630,647,75,452
7,371,313,632,660,642,1006
8,582,778,996,125,157,32
9,75,84,867,789,258,493
10,952,204,805,973,114,165
11,85,230,671,50,654,604
11,475,814,570,228,82,878
13,131,792,271,597,489,916
13,568,813,102,276,656,380
15,243,792,571,637,570,957
17,42,813,98,522,470,972
17,596,115,853,336,69,757
18,520,388,372,295,306,11
19,19,914,538,84,585,501
19,744,792,571,6,767,761
21,340,886,257,680,801,121
21,340,886,258,681,802,121
22,102,428,350,60,481,421
23,345,390,516,252,842,590
23,818,406,12,133,739,606
24,190,813,297,645,559,938
24,190,813,552,900,814,938
24,568,89,247,421,770,349
24,730,774,778,496,884,388
25,309,969,42,987,384,421
25,621,510,239,852,143,315
25,790,788,419,857,522,689
26,871,303,675,325,597,272
27,421,13,68,769,594,849
27,849,627,705,256,852,596
31,175,303,933,559,539,1004
31,729,138,658,296,917,621
32,167,813,557,310,855,545
32,167,813,563,316,861,545
35,229,307,328,1004,271,291
35,564,89,762,743,774,31
35,638,969,102,381,375,1018
37,501,204,679,621,111,514
39,590,773,236,262,31,793
41,42,53,325,749,896,147
41,367,822,259,860,949,89
41,495,656,617,208,795,587
42,29,310,993,762,69,331
42,665,939,73,728,58,354
43,765,14,662,1007,986,1003
44,491,89,933,332,394,62
45,810,315,395,903,934,31
45,887,315,407,315,901,586
47,233,303,917,376,516,140
48,233,813,227,710,1017,307
48,552,13,238,670,54,408
49,314,706,777,971,1019,48
49,823,510,609,522,663,141
50,240,455,831,945,482,561
50,381,886,761,52,808,756
50,692,534,40,43,804,761
53,179,89,656,731,782,51
53,795,24,175,916,239,347
59,541,315,900,741,478,761
60,97,914,551,373,68,719
60,995,969,912,736,641,929
61,618,53,425,894,562,692
62,43,249,325,765,285,544
64,452,886,953,84,541,457
64,563,89,676,801,395,618
64,654,400,27,56,595,539
65,110,321,506,87,846,759
65,520,577,930,853,177,348
66,780,53,792,879,276,421
68,330,813,337,279,199,944
69,29,577,930,699,947,248
69,592,905,903,450,340,914
69,758,598,208,122,423,301
72,537,886,953,602,83,505
72,967,168,563,710,380,694
76,384,814,617,955,569,638
76,495,13,667,258,407,149
77,963,637,59,398,92,718
78,272,153,144,750,626,900
78,590,939,774,800,513,737
78,621,822,790,379,16,661
79,171,914,357,815,518,727
79,417,792,382,251,649,398
80,37,315,729,368,673,305
80,510,886,953,302,514,212
81,541,89,518,359,240,905
81,541,89,550,391,272,905
83,477,886,221,39,685,646
83,773,230,856,96,54,982
83,871,604,823,473,336,887
83,929,969,738,535,604,69
85,824,598,208,362,861,499
86,160,716,102,991,258,291
86,864,301,632,394,768,374
88,575,13,97,415,379,988
90,691,716,102,217,588,371
91,752,177,348,422,633,211
92,344,178,184,928,995,67
92,344,178,616,336,403,67
98,562,604,395,472,786,314
99,324,577,995,136,535,399
99,837,301,593,846,210,388
100,366,89,633,258,690,432
100,999,230,590,222,524,302
101,573,455,667,1017,95,102
412,371,913,124,152,839,687
414,13,400,222,249,978,729
415,537,913,974,623,802,179
415,951,553,983,878,556,702
415,984,178,917,567,545,1002
416,112,813,537,665,546,905
418,544,400,254,45,12,991
419,511,303,200,557,814,257
419,658,813,30,638,259,645
419,658,813,591,175,820,645
419,658,813,992,576,197,645
421,607,836,700,520,19,523
423,156,914,41,864,932,68
425,85,840,973,352,204,876
425,85,840,1005,384,236,876
425,861,914,884,756,72,340
428,537,805,100,773,465,716
431,689,922,974,993,705,736
433,586,814,885,847,891,44
434,240,788,695,809,642,857
436,524,681,438,553,749,196
439,14,886,515,622,43,445
440,202,153,469,357,710,353
441,913,604,822,370,578,208
441,989,969,260,118,230,112
442,363,679,625,10,732,722
444,159,388,171,50,752,702
448,833,914,286,603,1008,405
454,623,138,85,666,840,174
455,393,178,985,986,814,852
455,452,914,926,57,707,650
455,452,914,948,79,729,650
456,110,400,968,549,457,932
457,505,357,561,822,415,617
457,1010,637,218,344,612,268
459,632,230,810,993,144,175
461,245,138,280,186,1011,825
461,687,303,370,932,124,216
462,586,138,510,472,952,480
463,366,914,312,961,736,799
463,709,153,122,337,932,595
466,711,390,189,372,380,8
468,69,455,143,288,957,669
468,76,935,504,570,309,763
468,442,230,686,862,980,118
471,806,153,16,715,208,517
471,806,153,18,717,210,517
471,849,376,954,505,277,796
473,473,144,184,962,540,602
474,552,462,249,681,420,763
474,942,914,82,664,842,178
476,561,400,927,956,346,414
478,635,604,926,165,97,956
478,730,930,597,315,425,110
479,358,14,896,650,590,964
479,358,14,897,651,591,964
479,891,390,6,233,222,1013
480,762,922,188,421,942,521
480,991,14,813,575,811,236
482,110,604,926,507,566,59
482,205,930,597,629,675,46
482,846,954,895,941,319,402
485,919,664,586,998,346,372
491,720,376,176,757,70,337
492,662,138,533,949,285,360
493,765,145,395,740,336,620
496,267,153,688,575,877,302
497,348,914,63,871,133,286
499,519,886,780,976,810,858
499,982,886,906,331,789,458
501,313,396,597,839,930,91
503,505,307,600,861,549,712
505,105,136,91,552,207,679
505,105,136,987,424,79,679
506,41,369,7,479,989,510
508,64,230,1014,375,649,274
508,816,89,430,455,118,687
508,938,814,1019,513,724,211
509,68,235,1020,189,452,263
509,956,84,62,422,66,668
510,89,376,896,596,494,922
513,816,230,953,978,817,863
922,567,13,558,491,352,885
923,231,303,893,641,677,36
923,289,773,425,284,518,234
923,295,886,733,432,104,696
923,675,72,868,725,868,143
924,853,23,182,693,856,163
926,59,235,64,246,433,187
927,256,935,244,596,367,795
927,497,922,512,646,176,554
927,499,739,253,291,463,172
927,499,739,1020,34,206,172
930,510,53,667,16,719,703
930,758,763,756,670,59,413
931,522,814,597,552,91,563
932,464,553,747,324,480,156
932,464,553,748,325,481,156
932,826,534,918,144,549,405
933,0,621,351,747,704,981
937,512,773,927,211,406,195
939,102,969,228,962,406,468
942,129,235,64,422,651,229
942,852,13,631,70,799,729
943,471,178,131,620,706,86
945,94,390,730,574,123,573
945,667,604,298,25,56,31
948,802,949,24,915,421,530
948,803,814,96,971,1006,35
950,615,38,928,614,789,175
958,247,563,834,836,547,735
959,579,138,945,314,871,557
961,39,230,833,568,494,950
966,305,138,569,682,505,847
967,331,563,956,850,711,885
967,389,14,1014,184,732,548
967,611,178,437,315,717,402
969,909,913,484,605,796,191
969,1010,512,756,882,290,432
970,806,138,599,274,590,316
971,88,178,437,185,887,702
973,1014,474,794,728,853,125
974,812,914,628,208,1005,797
974,925,390,801,668,612,968
975,662,400,717,109,187,78
976,553,390,254,670,246,600
978,335,230,680,766,517,775
978,920,230,131,814,888,74
980,1009,914,130,176,27,875
981,82,307,623,146,65,943
982,256,89,529,881,635,778
982,256,89,561,913,667,778
983,495,14,1014,605,693,88
987,527,13,603,670,935,265
991,459,230,337,253,996,743
991,814,577,72,644,95,475
993,504,462,762,975,416,465
994,846,153,609,655,987,332
996,591,814,745,819,912,93
996,862,390,927,719,768,49
1002,314,400,246,440,728,288
1004,316,390,150,440,852,412
1006,723,38,689,294,57,787
1007,725,805,191,660,670,10
1009,775,886,897,41,244,203
1010,286,886,347,216,191,999
1010,623,805,398,979,62,107
1012,857,814,880,560,1011,451
1012,959,313,94,374,908,534
1013,773,468,405,669,658,1013
1013,965,393,152,395,887,492
1016,216,914,110,860,702,866
1016,838,619,866,15,113,98
1019,116,604,330,266,709,443
1021,126,406,840,167,188,21
1021,246,914,551,505,631,126
1021,498,813,102,156,890,734
1021,512,40,53,361,34,697
1022,761,230,220,373,942,569
1022,767,390,899,188,488,300
1022,994,47,491,363,861,498
1023,248,230,402,643,383,764
308,592,886,598,145,387,242
308,904,230,53,990,851,885
308,904,230,54,991,852,885
206,852,261,800,239,412,173
208,223,342,57,951,258,331
213,996,536,721,433,182,773
217,353,935,884,750,423,697
217,651,296,977,958,586,652
219,736,681,776,596,547,975
220,568,745,592,766,357,615
221,260,178,967,103,143,40
221,261,914,244,420,476,56
221,450,892,208,523,250,751
221,489,398,803,298,74,800
221,649,400,700,585,543,982
224,134,604,90,304,982,678
225,257,914,565,933,203,294
225,512,913,743,27,198,171
226,694,619,378,285,316,31
228,192,14,594,961,808,871
229,300,598,63,611,268,681
229,349,604,608,408,241,857
229,735,178,685,483,499,16
233,546,510,963,786,166,404
237,91,89,486,154,819,665
237,301,261,380,944,1018,74
239,414,13,530,389,623,234
239,514,814,28,368,431,63
241,190,218,563,911,934,23
241,693,321,656,611,417,830
246,879,914,203,748,373,649
247,209,72,19,624,858,234
247,209,72,916,497,731,234
247,470,468,85,590,563,997
248,335,315,292,378,671,293
248,403,1003,922,446,497,51
248,764,773,675,44,639,595
252,178,805,504,531,51,544
254,52,121,489,430,679,249
255,870,681,471,137,286,149
256,247,913,237,239,432,193
259,314,292,398,592,476,908
262,792,554,669,306,622,316
265,245,969,838,744,125,405
268,509,313,60,385,432,47
269,133,80,868,10,73,63
270,74,703,362,268,353,85
274,507,703,557,722,715,1017
275,400,38,431,3,363,360
275,946,70,921,32,385,353
276,71,773,111,352,169,841
276,759,153,764,694,933,239
277,893,886,840,203,275,72
278,531,303,76,718,572,878
278,751,681,413,984,622,662
279,862,17,336,128,823,695
280,436,121,455,342,210,892
281,926,303,867,686,312,650
282,0,739,133,529,190,685
286,509,886,898,199,470,271
287,504,406,1003,192,430,238
289,29,46,54,847,389,566
291,586,212,879,841,617,800
291,660,852,749,237,382,145
292,801,1019,897,716,538,846
292,872,315,983,360,610,250
293,0,536,1023,395,824,429
293,665,932,943,574,767,193
295,347,212,89,753,348,619
295,698,553,466,694,454,784
298,85,554,441,844,402,582
298,214,121,907,344,297,977
299,450,198,943,234,336,102
300,590,678,440,466,103,661
300,1008,814,375,405,84,703
301,774,852,915,75,641,566
303,995,255,417,241,498,257
303,1005,886,924,523,404,905
304,269,96,830,877,515,662
304,927,553,328,99,310,211
305,556,474,344,968,142,198
305,933,96,44,801,78,301
306,406,367,295,795,12,241
306,492,554,762,273,663,390
307,988,13,493,335,900,565
105,357,681,253,951,700,773
107,694,297,290,197,702,505
107,763,23,602,851,831,1004
108,170,376,414,824,885,61
108,695,53,288,211,904,693
110,716,559,249,385,431,46
111,215,223,728,213,776,563
112,636,376,410,785,199,438
113,971,303,209,165,868,703
114,443,315,492,652,927,275
115,404,388,154,558,878,320
117,849,357,901,452,490,38
118,1001,954,48,479,163,708
119,328,376,166,140,586,446
119,853,792,153,664,502,862
119,933,315,818,551,736,185
120,473,301,470,224,957,733
120,883,390,343,443,454,11
120,883,390,351,451,462,11
121,1021,914,706,47,215,168
122,241,939,291,389,549,160
122,241,939,355,453,613,160
123,859,376,166,902,996,94
123,1022,138,575,892,180,312
124,246,230,583,537,603,66
124,294,969,330,77,0,947
124,401,843,28,672,1008,336
125,640,230,234,552,658,106
126,994,792,979,851,929,78
129,150,230,234,706,332,650
130,56,230,1007,245,177,956
130,804,369,811,518,537,19
130,866,70,754,612,797,185
131,841,537,805,739,541,826
132,337,969,330,961,427,490
133,263,144,820,4,390,386
133,535,817,755,181,519,338
137,427,716,253,667,1019,352
139,267,53,1016,903,437,558
142,500,905,265,159,330,171
142,605,230,1007,859,851,1016
146,114,230,1007,15,140,125
147,68,843,83,276,192,940
147,942,969,588,146,976,830
150,193,914,46,397,111,738
150,316,935,314,604,755,151
151,271,954,554,633,335,726
151,450,53,304,619,90,495
152,77,935,71,89,228,139
152,246,914,839,793,151,382
152,261,716,493,669,989,320
152,885,553,899,903,690,811
153,169,396,990,456,154,722
154,590,89,631,657,561,928
154,724,914,46,563,453,914
154,903,390,463,617,861,244
155,694,746,217,124,780,656
158,363,47,239,648,258,634
158,651,236,467,448,279,855
158,862,914,313,105,38,957
159,823,913,704,617,613,1020
159,963,681,408,747,309,586
160,420,249,733,362,849,487
161,997,53,966,694,161,491
162,524,14,761,876,277,425
162,935,510,415,52,285,233
163,307,534,607,624,437,837
165,334,656,580,714,1013,299
165,673,367,651,412,422,10
165,766,914,44,341,999,658
167,512,53,76,384,600,216
167,788,914,317,787,560,797
168,601,716,712,372,366,1018
171,213,716,52,465,123,682
171,551,89,83,786,966,180
173,248,706,661,902,791,913
174,928,914,313,94,354,260
174,1009,627,999,21,145,124
175,1021,681,408,773,302,553
178,645,914,350,556,381,849
179,762,72,683,916,486,594
185,805,852,35,814,197,407
187,904,177,685,598,520,946
188,159,714,761,640,508,892
189,70,363,382,607,771,164
189,668,914,805,676,162,510
190,599,600,293,752,181,453
191,306,145,358,423,771,348
192,1010,604,767,893,626,757
199,223,13,944,814,768,978
199,823,935,931,844,648,828
200,623,743,274,855,413,582
202,458,795,588,520,613,93
203,581,652,1008,217,399,182
204,424,773,56,518,278,784
205,428,930,860,362,765,403
617,482,813,1018,818,529,735
619,322,886,376,701,69,392
621,16,230,380,6,482,476
621,828,792,582,928,194,290
622,353,53,1003,869,625,780
623,71,230,485,726,993,267
623,71,230,486,727,994,267
623,350,376,169,49,550,501
625,848,842,415,942,841,923
626,459,402,188,104,1021,917
626,677,393,269,990,388,422
627,666,534,505,216,325,109
627,866,681,933,791,569,802
628,740,53,147,927,539,636
630,314,400,923,93,507,414
631,190,470,367,715,270,579
631,936,388,156,578,1013,435
632,936,315,199,621,610,1013
633,33,47,193,24,372,348
635,966,886,636,831,842,11
637,127,315,166,533,268,759
637,304,369,985,58,985,927
639,804,813,358,65,713,648
640,6,534,391,627,985,358
640,63,249,198,572,220,672
641,596,474,166,673,17,368
645,837,144,417,670,155,509
646,838,388,993,142,150,8
647,667,914,407,134,445,311
648,691,969,43,158,924,766
650,657,310,359,887,364,501
650,765,716,555,900,458,582
650,860,47,751,575,2,451
651,549,814,735,446,960,514
651,726,922,422,843,152,333
651,726,922,674,71,404,333
652,519,935,797,993,333,364
652,563,53,362,487,711,224
652,784,716,7,541,354,837
653,3,969,745,37,545,508
653,536,138,377,42,880,838
655,278,388,407,917,109,216
657,386,393,107,413,210,821
658,534,935,485,887,85,222
661,834,813,837,178,279,101
661,919,393,107,519,37,542
663,714,935,564,540,332,816
663,885,914,407,411,558,147
664,326,331,491,752,68,340
664,329,773,665,655,17,386
667,85,716,972,351,687,336
667,738,922,807,659,686,27
668,173,534,1015,545,219,698
668,352,53,853,703,965,262
670,189,773,991,267,1018,751
670,914,905,87,739,104,389
673,829,315,148,542,454,936
674,722,773,991,580,448,892
675,305,969,94,207,929,722
675,571,773,880,110,479,369
675,677,913,747,444,190,770
675,695,773,28,975,847,896
676,70,935,820,21,12,1015
676,125,563,749,1020,945,949
680,879,331,1014,535,706,171
680,915,805,644,224,99,899
683,725,53,349,818,300,506
684,345,627,262,1022,283,285
684,465,935,657,282,991,709
685,822,315,862,791,647,880
685,917,681,490,998,509,535
687,958,313,530,858,652,818
687,1000,388,850,241,582,341
688,829,814,314,708,237,553
689,77,480,893,911,98,211
690,977,559,192,753,716,987
692,554,388,639,79,636,557
692,613,388,23,765,595,854
694,551,681,208,911,589,702
694,893,905,460,847,488,665
694,952,151,303,471,325,878
695,907,70,109,70,330,260
697,621,681,743,332,818,486
697,797,442,20,921,676,779
698,26,681,204,885,1007,122
699,13,38,58,85,29,968
699,842,177,685,667,551,908
700,6,230,422,658,825,167
700,262,455,406,662,477,839
700,849,138,611,162,62,924
701,213,822,1003,392,323,955
701,478,914,367,233,755,522
701,540,914,360,217,160,967
701,773,795,935,175,840,665
701,952,178,892,36,88,52
702,995,136,803,627,847,220
703,240,145,358,472,700,228
703,910,662,481,554,1001,447
704,117,313,52,964,468,528
705,141,321,185,222,713,491
707,263,662,824,8,652,644
707,718,470,913,953,149,220
709,549,305,90,825,856,31
710,103,788,87,837,235,422
711,127,388,44,411,572,161
712,296,813,411,895,541,670
712,391,935,57,283,314,31
714,520,795,588,511,175,688
714,784,64,276,810,638,852
714,967,407,514,661,183,546
716,960,230,422,713,38,349
514,460,84,719,747,143,420
515,616,792,924,337,389,52
516,590,961,585,611,396,809
517,236,89,804,343,101,782
518,390,627,686,928,93,189
527,441,230,695,951,63,136
528,1013,53,928,910,283,397
531,536,13,530,195,544,349
535,64,534,37,422,946,524
536,320,662,391,748,298,574
536,382,914,821,192,4,836
538,665,235,964,595,631,36
541,222,230,841,663,870,207
543,863,138,914,690,926,236
545,65,914,700,13,752,739
546,612,656,543,277,305,28
548,70,390,629,854,686,856
550,10,462,507,422,773,351
552,542,774,43,828,443,639
553,372,297,712,628,897,269
554,14,886,703,810,462,676
554,485,230,514,202,679,477
556,12,396,740,815,100,309
562,64,138,879,240,176,960
562,121,53,890,73,87,14
562,196,953,136,311,513,202
562,236,939,978,517,286,793
562,456,301,262,226,707,481
563,540,230,432,289,385,96
571,58,89,196,362,886,524
571,730,914,993,711,577,890
571,730,914,1001,719,585,890
572,227,914,650,462,937,475
574,276,178,931,321,868,547
574,660,89,291,803,637,858
576,145,455,918,510,867,357
577,544,393,476,267,841,574
577,649,886,795,680,266,610
577,859,534,66,802,976,174
578,169,89,291,781,211,454
578,526,939,993,1012,341,353
579,270,177,7,134,505,371
579,544,388,183,998,153,179
580,593,577,705,236,162,950
581,1019,788,275,480,279,823
582,145,1012,630,222,537,315
582,146,559,358,894,65,195
584,5,168,51,207,384,177
584,5,766,529,685,101,440
584,559,13,307,883,741,882
587,276,230,520,934,161,251
587,690,696,31,130,723,593
587,986,53,469,215,520,305
588,249,886,303,528,340,836
593,486,393,476,212,728,516
593,847,895,147,177,641,464
594,567,662,830,763,622,883
594,736,455,422,242,857,615
594,866,321,788,646,755,109
595,326,914,659,920,470,574
596,32,223,103,1006,404,422
596,142,935,301,386,651,265
596,828,313,313,659,556,921
596,828,313,433,779,676,921
596,848,534,120,647,354,731
597,997,656,1009,737,487,774
598,691,89,953,44,647,603
599,443,376,577,737,302,589
599,1000,949,283,698,991,293
601,534,315,120,522,524,2
602,987,939,464,162,758,596
604,248,313,891,108,884,776
606,347,138,916,556,753,197
607,137,230,486,459,442,1007
607,706,230,700,35,72,37
609,59,774,869,27,661,634
610,923,115,971,678,452,798
612,614,89,669,307,731,424
613,440,905,292,500,701,201
615,372,223,434,350,718,368
411,977,153,729,266,903,637
718,619,50,835,328,605,277
720,491,315,879,278,793,515
721,343,889,861,308,999,691
722,674,310,483,324,231,931
722,674,310,684,525,432,931
723,979,743,49,642,572,954
724,451,138,265,564,43,503
725,370,1012,934,1010,75,89
726,227,223,21,857,140,307
726,741,679,442,150,444,294
727,546,168,631,454,244,814
727,582,935,797,950,474,548
730,378,13,670,873,555,706
731,890,935,896,115,871,756
732,148,388,546,986,957,995
732,210,138,393,918,567,673
733,237,795,712,235,399,164
734,135,178,972,210,396,186
734,252,766,984,265,123,882
734,979,310,379,972,728,780
737,992,905,569,345,795,450
738,92,734,847,659,48,413
738,628,619,378,370,364,1018
739,177,963,48,155,322,167
739,923,13,32,763,581,842
742,622,192,162,695,622,951
745,202,354,487,375,449,74
746,66,681,521,810,435,649
746,471,734,183,672,942,270
746,531,500,419,37,804,767
749,167,795,665,418,520,102
749,167,795,921,674,776,102
750,226,795,729,493,302,833
752,330,894,732,674,872,198
755,437,914,326,261,606,345
755,437,914,581,516,861,345
755,803,400,635,486,159,697
756,271,351,709,788,511,747
756,417,315,731,600,410,834
758,840,107,930,816,368,576
759,722,935,798,387,861,474
763,603,813,710,466,928,462
763,960,55,282,573,477,928
765,159,656,928,807,621,838
766,195,305,687,1006,127,145
768,775,53,7,175,134,983
770,888,966,301,448,485,37
771,855,342,350,765,360,619
771,855,342,398,813,408,619
771,986,121,644,390,113,747
772,49,55,1020,81,932,851
773,514,72,487,827,178,375
776,431,303,535,117,397,280
777,203,724,459,395,945,550
778,355,905,745,515,709,194
779,618,178,833,278,604,326
781,395,376,880,785,536,775
781,499,739,252,290,698,408
782,906,230,232,241,422,181
785,192,656,438,805,867,62
785,400,489,176,772,1000,228
785,526,315,109,128,366,238
786,157,739,365,148,134,1010
786,381,230,228,543,619,76
787,947,342,709,796,227,455
789,691,656,469,584,655,71
792,246,121,455,409,85,700
795,68,1012,705,898,74,200
795,446,342,642,1010,235,249
796,825,153,566,768,102,358
798,37,554,75,738,942,204
798,718,563,67,107,85,1002
799,667,852,243,994,958,988
800,724,138,706,199,611,412
801,157,432,433,216,887,671
801,347,351,125,789,316,551
803,52,247,738,679,873,194
807,282,739,154,855,369,538
809,68,13,159,352,538,186
809,126,536,700,27,753,726
811,1000,745,430,845,541,720
813,519,151,233,429,786,357
813,771,151,609,969,634,689
813,771,151,610,970,635,689
814,584,739,838,768,80,336
819,288,303,626,469,109,664
